{"epoch": 7, "loss": {"train": [0.1428243966550911, 0.09759550739194396, 0.0789102410186988, 0.042485469817635554, 0.026696541729222718, 0.016258516467041465, 0.008842751242621518, 0.007502201264057491], "val": [0.11206853379987378, 0.10200964684791908, 0.08043297363450436, 0.06710711756770676, 0.0688039745308458, 0.0758583604727834, 0.07610090968336436, 0.07599281167485335]}, "auc": {"train": [0.8706025918558262, 0.9353992384313415, 0.9585044190925094, 0.987852074169255, 0.9946619042460701, 0.9981604875111568, 0.9996415232167181, 0.9997290833820616], "val": [0.923829878079654, 0.9445379593456302, 0.958186621148454, 0.9688147912945756, 0.9688400930428706, 0.9681520459006209, 0.9684545580151209, 0.9681196075302466]}, "acc": {"train": [0.6445277483497678, 0.7633444707032842, 0.806861706462391, 0.902615923722598, 0.9384728221008882, 0.966669383098362, 0.9852497758943851, 0.9889984516339336], "val": [0.7229465449804433, 0.7483702737940026, 0.8024771838331161, 0.8455019556714471, 0.848761408083442, 0.8494132985658409, 0.8507170795306388, 0.8477835723598436]}, "timer": [0.8068319837252299, 0.7786626180013021, 0.7880987683931987, 0.7747808178265889, 0.7751136660575867, 0.7741982420285543, 0.7848435004552206, 0.7913278063138326]}